{
  "proxy": "log1p(days from open to close) — conflates effort with backlog priority and stale-bot policy; declared-weak up front",
  "ship_bar": {
    "spearman_min": 0.3,
    "mae_improvement_min": 0.1
  },
  "winner": "rf_regressor",
  "cv": {
    "ridge": {
      "fold_spearman": [
        0.244768728579714,
        0.2726589689627003,
        0.3285280619838212
      ],
      "mean_spearman": 0.28198525317541184
    },
    "rf_regressor": {
      "fold_spearman": [
        0.31638440616822155,
        0.38650272626091503,
        0.319198014390242
      ],
      "mean_spearman": 0.34069504893979285
    }
  },
  "test": {
    "n": 1227,
    "spearman": 0.4923,
    "mae_log_days": 1.4765,
    "baseline_mae_log_days": 1.6738,
    "mae_improvement": 0.1179
  },
  "shipped": true
}