{
  "logreg": {
    "overall": {
      "n": 1177,
      "positives": 261,
      "threshold": 0.5,
      "precision": 0.7177033492822966,
      "recall": 0.5747126436781609,
      "f1": 0.6382978723404256,
      "roc_auc": 0.869108567986749,
      "pr_auc": 0.7216110428926096,
      "accuracy": 0.8555649957519117,
      "tn": 857,
      "fp": 59,
      "fn": 111,
      "tp": 150
    },
    "per_repo": {
      "facebook/react": {
        "n": 129,
        "positives": 23,
        "threshold": 0.5,
        "precision": 0.6538461538461539,
        "recall": 0.7391304347826086,
        "f1": 0.6938775510204082,
        "roc_auc": 0.8806398687448729,
        "pr_auc": 0.7114368349961666,
        "accuracy": 0.8837209302325582,
        "tn": 97,
        "fp": 9,
        "fn": 6,
        "tp": 17
      },
      "microsoft/vscode": {
        "n": 820,
        "positives": 125,
        "threshold": 0.5,
        "precision": 0.6515151515151515,
        "recall": 0.344,
        "f1": 0.450261780104712,
        "roc_auc": 0.8256230215827337,
        "pr_auc": 0.5099391774434832,
        "accuracy": 0.8719512195121951,
        "tn": 672,
        "fp": 23,
        "fn": 82,
        "tp": 43
      },
      "tensorflow/tensorflow": {
        "n": 228,
        "positives": 113,
        "threshold": 0.5,
        "precision": 0.7692307692307693,
        "recall": 0.7964601769911505,
        "f1": 0.782608695652174,
        "roc_auc": 0.8729511350519431,
        "pr_auc": 0.8795859981468861,
        "accuracy": 0.7807017543859649,
        "tn": 88,
        "fp": 27,
        "fn": 23,
        "tp": 90
      }
    }
  },
  "logreg_balanced": {
    "overall": {
      "n": 1177,
      "positives": 261,
      "threshold": 0.5,
      "precision": 0.5969230769230769,
      "recall": 0.7432950191570882,
      "f1": 0.6621160409556314,
      "roc_auc": 0.8719570345831451,
      "pr_auc": 0.7215789346102672,
      "accuracy": 0.8317757009345794,
      "tn": 785,
      "fp": 131,
      "fn": 67,
      "tp": 194
    },
    "per_repo": {
      "facebook/react": {
        "n": 129,
        "positives": 23,
        "threshold": 0.5,
        "precision": 0.5428571428571428,
        "recall": 0.8260869565217391,
        "f1": 0.6551724137931034,
        "roc_auc": 0.8773584905660378,
        "pr_auc": 0.6858032101524968,
        "accuracy": 0.8449612403100775,
        "tn": 90,
        "fp": 16,
        "fn": 4,
        "tp": 19
      },
      "microsoft/vscode": {
        "n": 820,
        "positives": 125,
        "threshold": 0.5,
        "precision": 0.5289855072463768,
        "recall": 0.584,
        "f1": 0.5551330798479087,
        "roc_auc": 0.8321841726618704,
        "pr_auc": 0.5194887299525485,
        "accuracy": 0.8573170731707317,
        "tn": 630,
        "fp": 65,
        "fn": 52,
        "tp": 73
      },
      "tensorflow/tensorflow": {
        "n": 228,
        "positives": 113,
        "threshold": 0.5,
        "precision": 0.6710526315789473,
        "recall": 0.9026548672566371,
        "f1": 0.769811320754717,
        "roc_auc": 0.8710273181993075,
        "pr_auc": 0.8768180580267633,
        "accuracy": 0.7324561403508771,
        "tn": 65,
        "fp": 50,
        "fn": 11,
        "tp": 102
      }
    }
  },
  "rf": {
    "overall": {
      "n": 1177,
      "positives": 261,
      "threshold": 0.5,
      "precision": 0.7874396135265701,
      "recall": 0.6245210727969349,
      "f1": 0.6965811965811965,
      "roc_auc": 0.8945690910003514,
      "pr_auc": 0.7694158364779543,
      "accuracy": 0.8793542905692439,
      "tn": 872,
      "fp": 44,
      "fn": 98,
      "tp": 163
    },
    "per_repo": {
      "facebook/react": {
        "n": 129,
        "positives": 23,
        "threshold": 0.5,
        "precision": 0.7037037037037037,
        "recall": 0.8260869565217391,
        "f1": 0.76,
        "roc_auc": 0.8806398687448728,
        "pr_auc": 0.7068120465790344,
        "accuracy": 0.9069767441860465,
        "tn": 98,
        "fp": 8,
        "fn": 4,
        "tp": 19
      },
      "microsoft/vscode": {
        "n": 820,
        "positives": 125,
        "threshold": 0.5,
        "precision": 0.7164179104477612,
        "recall": 0.384,
        "f1": 0.5,
        "roc_auc": 0.8580374100719425,
        "pr_auc": 0.5446056851709683,
        "accuracy": 0.8829268292682927,
        "tn": 676,
        "fp": 19,
        "fn": 77,
        "tp": 48
      },
      "tensorflow/tensorflow": {
        "n": 228,
        "positives": 113,
        "threshold": 0.5,
        "precision": 0.8495575221238938,
        "recall": 0.8495575221238938,
        "f1": 0.8495575221238938,
        "roc_auc": 0.9274336283185841,
        "pr_auc": 0.9287232980738584,
        "accuracy": 0.8508771929824561,
        "tn": 98,
        "fp": 17,
        "fn": 17,
        "tp": 96
      }
    }
  },
  "rf_balanced": {
    "overall": {
      "n": 1177,
      "positives": 261,
      "threshold": 0.5,
      "precision": 0.7772511848341233,
      "recall": 0.6283524904214559,
      "f1": 0.6949152542372882,
      "roc_auc": 0.9022967591895463,
      "pr_auc": 0.7748259491023116,
      "accuracy": 0.8776550552251486,
      "tn": 869,
      "fp": 47,
      "fn": 97,
      "tp": 164
    },
    "per_repo": {
      "facebook/react": {
        "n": 129,
        "positives": 23,
        "threshold": 0.5,
        "precision": 0.7037037037037037,
        "recall": 0.8260869565217391,
        "f1": 0.76,
        "roc_auc": 0.8962264150943394,
        "pr_auc": 0.7136488982057902,
        "accuracy": 0.9069767441860465,
        "tn": 98,
        "fp": 8,
        "fn": 4,
        "tp": 19
      },
      "microsoft/vscode": {
        "n": 820,
        "positives": 125,
        "threshold": 0.5,
        "precision": 0.6712328767123288,
        "recall": 0.392,
        "f1": 0.494949494949495,
        "roc_auc": 0.8659223021582733,
        "pr_auc": 0.5293281582189906,
        "accuracy": 0.8780487804878049,
        "tn": 671,
        "fp": 24,
        "fn": 76,
        "tp": 49
      },
      "tensorflow/tensorflow": {
        "n": 228,
        "positives": 113,
        "threshold": 0.5,
        "precision": 0.8648648648648649,
        "recall": 0.8495575221238938,
        "f1": 0.8571428571428571,
        "roc_auc": 0.9313582146979607,
        "pr_auc": 0.9313024109133071,
        "accuracy": 0.8596491228070176,
        "tn": 100,
        "fp": 15,
        "fn": 17,
        "tp": 96
      }
    }
  }
}